{
  "_class": "sharedStyle",
  "do_objectID": "75841DD1-F7D6-4E58-97BF-DBE52A16792D",
  "name": "089 Premium White Style",
  "value": {
    "_class": "style",
    "endMarkerType": 0,
    "fills": [
      {
        "_class": "fill",
        "color": {
          "_class": "color",
          "alpha": 1,
          "blue": 0.847,
          "green": 0.847,
          "red": 0.847
        },
        "fillType": 1,
        "gradient": {
          "_class": "gradient",
          "elipseLength": 0,
          "from": "{0.51645157109792383, 0.016451571097924167}",
          "gradientType": 0,
          "stops": [
            {
              "_class": "gradientStop",
              "color": {
                "_class": "color",
                "alpha": 1,
                "blue": 0.9058823529411765,
                "green": 0.9137254901960784,
                "red": 0.9137254901960784
              },
              "position": 0
            },
            {
              "_class": "gradientStop",
              "color": {
                "_class": "color",
                "alpha": 1,
                "blue": 0.9254901960784314,
                "green": 0.9333333333333333,
                "red": 0.9372549019607843
              },
              "position": 0.2715242346938775
            },
            {
              "_class": "gradientStop",
              "color": {
                "_class": "color",
                "alpha": 1,
                "blue": 0.9254901960784314,
                "green": 0.9333333333333333,
                "red": 0.9333333333333333
              },
              "position": 0.6086774553571429
            },
            {
              "_class": "gradientStop",
              "color": {
                "_class": "color",
                "alpha": 1,
                "blue": 0.8156862745098039,
                "green": 0.8313725490196079,
                "red": 0.8352941176470589
              },
              "position": 1
            }
          ],
          "to": "{0.51645157109792361, 0.94249931413623234}"
        },
        "isEnabled": true,
        "noiseIndex": 0,
        "noiseIntensity": 0,
        "patternFillType": 0,
        "patternTileScale": 1
      }
    ],
    "miterLimit": 10,
    "startMarkerType": 0,
    "windingRule": 1
  }
}