{
  "_class": "sharedStyle",
  "do_objectID": "86220F1D-9EE6-433F-9336-5CCC674C95B7",
  "name": "038 Star Wine Style",
  "value": {
    "_class": "style",
    "endMarkerType": 0,
    "fills": [
      {
        "_class": "fill",
        "color": {
          "_class": "color",
          "alpha": 1,
          "blue": 0.847,
          "green": 0.847,
          "red": 0.847
        },
        "fillType": 1,
        "gradient": {
          "_class": "gradient",
          "elipseLength": 0,
          "from": "{1, 0.5}",
          "gradientType": 0,
          "stops": [
            {
              "_class": "gradientStop",
              "color": {
                "_class": "color",
                "alpha": 1,
                "blue": 0.8549019607843137,
                "green": 0.396078431372549,
                "red": 0.7058823529411766
              },
              "position": 0
            },
            {
              "_class": "gradientStop",
              "color": {
                "_class": "color",
                "alpha": 1,
                "blue": 0.788235294117647,
                "green": 0.4235294117647059,
                "red": 0.8117647058823529
              },
              "position": 0.2804463864140052
            },
            {
              "_class": "gradientStop",
              "color": {
                "_class": "color",
                "alpha": 1,
                "blue": 0.6117647058823532,
                "green": 0.3764705882352941,
                "red": 0.9333333333333333
              },
              "position": 0.6759688445567499
            },
            {
              "_class": "gradientStop",
              "color": {
                "_class": "color",
                "alpha": 1,
                "blue": 0.6117647058823532,
                "green": 0.3764705882352941,
                "red": 0.9333333333333333
              },
              "position": 1
            }
          ],
          "to": "{0, 0.5}"
        },
        "isEnabled": true,
        "noiseIndex": 0,
        "noiseIntensity": 0,
        "patternFillType": 1,
        "patternTileScale": 1
      }
    ],
    "miterLimit": 10,
    "startMarkerType": 0,
    "windingRule": 1
  }
}