{
  "_class": "sharedStyle",
  "do_objectID": "8C2D1D95-A619-4C38-BD12-B761CB05118B",
  "name": "048 Strong Bliss Style",
  "value": {
    "_class": "style",
    "endMarkerType": 0,
    "fills": [
      {
        "_class": "fill",
        "color": {
          "_class": "color",
          "alpha": 1,
          "blue": 0.847,
          "green": 0.847,
          "red": 0.847
        },
        "fillType": 1,
        "gradient": {
          "_class": "gradient",
          "elipseLength": 0,
          "from": "{1, 0.5}",
          "gradientType": 0,
          "stops": [
            {
              "_class": "gradientStop",
              "color": {
                "_class": "color",
                "alpha": 1,
                "blue": 0.5450980392156862,
                "green": 0.6039215686274509,
                "red": 0.996078431372549
              },
              "position": 0
            },
            {
              "_class": "gradientStop",
              "color": {
                "_class": "color",
                "alpha": 1,
                "blue": 0.5490196078431372,
                "green": 0.5254901960784314,
                "red": 0.9921568627450981
              },
              "position": 0.4085020727040816
            },
            {
              "_class": "gradientStop",
              "color": {
                "_class": "color",
                "alpha": 1,
                "blue": 0.5607843137254902,
                "green": 0.4549019607843137,
                "red": 0.9764705882352941
              },
              "position": 0.7315051020408163
            },
            {
              "_class": "gradientStop",
              "color": {
                "_class": "color",
                "alpha": 1,
                "blue": 0.6274509803921567,
                "green": 0.5490196078431373,
                "red": 0.9686274509803922
              },
              "position": 1
            }
          ],
          "to": "{0, 0.5}"
        },
        "isEnabled": true,
        "noiseIndex": 0,
        "noiseIntensity": 0,
        "patternFillType": 1,
        "patternTileScale": 1
      }
    ],
    "miterLimit": 10,
    "startMarkerType": 0,
    "windingRule": 1
  }
}